{
  "origin": [
    -255.0,
    200.0
  ],
  "scale": 0.48120300751879697,
  "scale_x": 0.48120300751879697,
  "scale_y": 0.48120300751879697,
  "ortho_width": 1330.0,
  "ortho_height": 997.5,
  "capture_native_width": 640,
  "capture_native_height": 480,
  "apply_lit_image_transforms": false,
  "capture_transpose_lit_image": false,
  "capture_swap_ortho_width_height": false,
  "lit_rotate_90": "none",
  "lit_flip_horizontal": false,
  "lit_flip_vertical": false,
  "lit_pixel_axes_transpose": false,
  "screenshot_fit_contain": true,
  "pose_swap_xy": false,
  "pose_pixel_flip_y": true,
  "pose_yaw_offset_deg": 0.0,
  "map_mirror_x": true,
  "map_mirror_y": true,
  "capture_requested_world_bounds": [
    -920.0,
    410.0,
    -550.0,
    950.0
  ],
  "capture_world_bounds": [
    -920.0,
    410.0,
    -298.75,
    698.75
  ],
  "world_bounds": [
    -920.0,
    410.0,
    -298.75,
    698.75
  ],
  "capture_bounds_center": [
    -255.0,
    200.0
  ],
  "goals": [
    [
      19.375,
      -132.5
    ]
  ],
  "path": [
    [
      22.5,
      13.125
    ],
    [
      5.0,
      26.875
    ],
    [
      -20.0,
      23.125
    ],
    [
      -27.5,
      3.75
    ],
    [
      -28.125,
      -13.125
    ],
    [
      -16.25,
      -14.375
    ],
    [
      -1.25,
      -13.125
    ],
    [
      -3.75,
      -0.625
    ],
    [
      13.75,
      -5.625
    ],
    [
      23.75,
      -17.5
    ],
    [
      26.25,
      -28.125
    ],
    [
      21.875,
      -45.625
    ],
    [
      4.375,
      -48.125
    ],
    [
      -10.0,
      -50.625
    ],
    [
      0.625,
      -36.25
    ],
    [
      -16.25,
      -31.25
    ],
    [
      -24.375,
      -34.375
    ],
    [
      -23.75,
      -58.75
    ],
    [
      -15.0,
      -75.625
    ],
    [
      -5.625,
      -75.0
    ],
    [
      9.375,
      -75.0
    ],
    [
      16.25,
      -85.625
    ],
    [
      16.25,
      -100.0
    ],
    [
      3.75,
      -104.375
    ],
    [
      -7.5,
      -97.5
    ],
    [
      -16.875,
      -94.375
    ],
    [
      -23.125,
      -112.5
    ],
    [
      -18.75,
      -126.875
    ],
    [
      -5.625,
      -131.25
    ],
    [
      8.125,
      -131.875
    ],
    [
      18.75,
      -131.25
    ],
    [
      20.625,
      -131.25
    ],
    [
      20.625,
      -131.25
    ]
  ],
  "obstacles": [],
  "drivable": [],
  "erase_polygons": []
}